algorithm,trials,successes,failures,success_rate_pct,failure_rate_pct,avg_steps,avg_steps_success,avg_steps_failure,avg_restarts,avg_restarts_success,avg_restarts_failure
Hill Climbing,50,7,43,14.0,86.0,3.16,4.285714285714286,2.9767441860465116,0,0,0
Hill Climbing with Sideways,50,48,2,96.0,4.0,23.4,22.145833333333332,53.5,0,0,0
Random Restart,50,50,0,100.0,0.0,21.92,21.92,,5.74,5.74,
Random Restart with Sideways,50,50,0,100.0,0.0,24.9,24.9,,0.04,0.04,
Hill Climbing,100,10,90,10.0,90.0,3.14,4.4,3,0,0,0
Hill Climbing with Sideways,100,92,8,92.0,8.0,21.53,17.630434782608695,66.375,0,0,0
Random Restart,100,100,0,100.0,0.0,22.58,22.58,,5.99,5.99,
Random Restart with Sideways,100,100,0,100.0,0.0,22.38,22.38,,0.05,0.05,
Hill Climbing,200,28,172,14.0,86.0,3.335,4.25,3.186046511627907,0,0,0
Hill Climbing with Sideways,200,193,7,96.5,3.5,21.14,20.212435233160623,46.714285714285715,0,0,0
Random Restart,200,200,0,100.0,0.0,26.045,26.045,,7.205,7.205,
Random Restart with Sideways,200,200,0,100.0,0.0,23.92,23.92,,0.06,0.06,
Hill Climbing,500,54,446,10.8,89.2,3.158,4.111111111111111,3.0426008968609866,0,0,0
Hill Climbing with Sideways,500,465,35,93.0,7.0,21.808,18.58494623655914,64.62857142857143,0,0,0
Random Restart,500,500,0,100.0,0.0,21.676,21.676,,5.764,5.764,
Random Restart with Sideways,500,500,0,100.0,0.0,23.63,23.63,,0.068,0.068,
Hill Climbing,1000,133,867,13.3,86.7,3.182,4.097744360902255,3.041522491349481,0,0,0
Hill Climbing with Sideways,1000,939,61,93.9,6.1,22.267,19.798722044728436,60.26229508196721,0,0,0
Random Restart,1000,1000,0,100.0,0.0,22.988,22.988,,6.143,6.143,
Random Restart with Sideways,1000,1000,0,100.0,0.0,22.053,22.053,,0.05,0.05,
Hill Climbing,1500,195,1305,13.0,87.0,3.1986666666666665,4.061538461538461,3.0697318007662835,0,0,0
Hill Climbing with Sideways,1500,1413,87,94.2,5.8,21.792666666666666,19.16348195329087,64.49425287356321,0,0,0
Random Restart,1500,1500,0,100.0,0.0,23.158666666666665,23.158666666666665,,6.253333333333333,6.253333333333333,
Random Restart with Sideways,1500,1500,0,100.0,0.0,22.509333333333334,22.509333333333334,,0.064,0.064,
